[
    {
        "pk": 1,
        "model": "contacts.region",
        "fields": {
            "position": "N",
            "name": "Valle d'Aosta",
            "special": true,
            "coat": "http://upload.wikimedia.org/wikipedia/commons/f/f6/Valle_d%27Aosta-Stemma.svg"
        }
    },
    {
        "pk": 2,
        "model": "contacts.region",
        "fields": {
            "position": "N",
            "name": "Piemonte",
            "special": false,
            "coat": "http://upload.wikimedia.org/wikipedia/commons/4/42/Regione-Piemonte-Stemma.svg"
        }
    },
    {
        "pk": 3,
        "model": "contacts.region",
        "fields": {
            "position": "N",
            "name": "Liguria",
            "special": false,
            "coat": "http://upload.wikimedia.org/wikipedia/commons/4/41/Coat_of_arms_of_Liguria.svg"
        }
    },
    {
        "pk": 4,
        "model": "contacts.region",
        "fields": {
            "position": "N",
            "name": "Lombardia",
            "special": false,
            "coat": "http://upload.wikimedia.org/wikipedia/commons/e/ea/Flag_of_Lombardy.svg"
        }
    },
    {
        "pk": 5,
        "model": "contacts.region",
        "fields": {
            "position": "N",
            "name": "Trentino-Alto Adige",
            "special": true,
            "coat": "http://upload.wikimedia.org/wikipedia/commons/b/b4/Coat_of_arms_of_Trentino-South_Tyrol.svg"
        }
    },
    {
        "pk": 6,
        "model": "contacts.region",
        "fields": {
            "position": "N",
            "name": "Veneto",
            "special": false,
            "coat": "http://upload.wikimedia.org/wikipedia/it/0/05/Veneto-Stemma.png"
        }
    },
    {
        "pk": 7,
        "model": "contacts.region",
        "fields": {
            "position": "N",
            "name": "Friuli-Venezia Giulia",
            "special": true,
            "coat": "http://upload.wikimedia.org/wikipedia/it/0/05/Friuli-Venezia_Giulia-Stemma.png"
        }
    },
    {
        "pk": 8,
        "model": "contacts.region",
        "fields": {
            "position": "C",
            "name": "Emilia-Romagna",
            "special": false,
            "coat": "http://upload.wikimedia.org/wikipedia/commons/5/5c/Regione-Emilia-Romagna-Stemma.png"
        }
    },
    {
        "pk": 9,
        "model": "contacts.region",
        "fields": {
            "position": "C",
            "name": "Toscana",
            "special": false,
            "coat": "http://upload.wikimedia.org/wikipedia/commons/4/4f/Coat_of_arms_of_Tuscany.svg"
        }
    },
    {
        "pk": 10,
        "model": "contacts.region",
        "fields": {
            "position": "C",
            "name": "Marche",
            "special": false,
            "coat": "http://upload.wikimedia.org/wikipedia/commons/b/b9/Coat_of_arms_of_Marche.svg"
        }
    },
    {
        "pk": 11,
        "model": "contacts.region",
        "fields": {
            "position": "C",
            "name": "Umbria",
            "special": false,
            "coat": "http://upload.wikimedia.org/wikipedia/commons/5/55/Regione-Umbria-Stemma.svg"
        }
    },
    {
        "pk": 12,
        "model": "contacts.region",
        "fields": {
            "position": "C",
            "name": "Lazio",
            "special": false,
            "coat": "http://upload.wikimedia.org/wikipedia/it/9/98/Lazio-Stemma.png"
        }
    },
    {
        "pk": 13,
        "model": "contacts.region",
        "fields": {
            "position": "C",
            "name": "Abruzzo",
            "special": false,
            "coat": "http://upload.wikimedia.org/wikipedia/commons/c/ce/Regione-Abruzzo-Stemma.svg"
        }
    },
    {
        "pk": 14,
        "model": "contacts.region",
        "fields": {
            "position": "S",
            "name": "Molise",
            "special": false,
            "coat": "http://upload.wikimedia.org/wikipedia/commons/f/fb/Regione-Molise-Stemma.svg"
        }
    },
    {
        "pk": 15,
        "model": "contacts.region",
        "fields": {
            "position": "S",
            "name": "Campania",
            "special": false,
            "coat": "http://upload.wikimedia.org/wikipedia/commons/a/a8/Regione-Campania-Stemma.svg"
        }
    },
    {
        "pk": 16,
        "model": "contacts.region",
        "fields": {
            "position": "S",
            "name": "Basilicata",
            "special": false,
            "coat": "http://upload.wikimedia.org/wikipedia/commons/0/07/Regione-Basilicata-Stemma.svg"
        }
    },
    {
        "pk": 17,
        "model": "contacts.region",
        "fields": {
            "position": "S",
            "name": "Puglia",
            "special": false,
            "coat": "http://upload.wikimedia.org/wikipedia/commons/2/20/Regione_Puglia-Stemma.png"
        }
    },
    {
        "pk": 18,
        "model": "contacts.region",
        "fields": {
            "position": "S",
            "name": "Calabria",
            "special": false,
            "coat": "http://upload.wikimedia.org/wikipedia/commons/b/bf/Coat_of_arms_of_Calabria.svg"
        }
    },
    {
        "pk": 19,
        "model": "contacts.region",
        "fields": {
            "position": "I",
            "name": "Sicilia",
            "special": true,
            "coat": "http://upload.wikimedia.org/wikipedia/commons/8/84/Sicilian_Flag.svg"
        }
    },
    {
        "pk": 20,
        "model": "contacts.region",
        "fields": {
            "position": "I",
            "name": "Sardegna",
            "special": true,
            "coat": "http://upload.wikimedia.org/wikipedia/it/c/cd/Regione_Sardegna-Stemma.png"
        }
    },



    {
        "pk": 1,
        "model": "contacts.province",
        "fields": {
            "coat": "http://upload.wikimedia.org/wikipedia/it/0/05/Provincia_di_Bergamo-Stemma.png",
            "region": 4,
            "code": "BG",
            "name": "Bergamo",
            "capital": false
        }
    },
    {
        "pk": 2,
        "model": "contacts.province",
        "fields": {
            "coat": "http://upload.wikimedia.org/wikipedia/it/9/94/Provincia_di_Brescia-Stemma.png",
            "region": 4,
            "code": "BS",
            "name": "Brescia",
            "capital": false
        }
    },
    {
        "pk": 3,
        "model": "contacts.province",
        "fields": {
            "coat": "http://upload.wikimedia.org/wikipedia/it/5/52/Provincia_di_Como-Stemma.png",
            "region": 4,
            "code": "CO",
            "name": "Como",
            "capital": false
        }
    },
    {
        "pk": 4,
        "model": "contacts.province",
        "fields": {
            "coat": "http://upload.wikimedia.org/wikipedia/it/1/13/Provincia_di_Cremona-Stemma.png",
            "region": 4,
            "code": "CR",
            "name": "Cremona",
            "capital": false
        }
    },
    {
        "pk": 5,
        "model": "contacts.province",
        "fields": {
            "coat": "http://upload.wikimedia.org/wikipedia/it/b/b1/Provincia_di_Lecco-Stemma.png",
            "region": 4,
            "code": "LC",
            "name": "Lecco",
            "capital": false
        }
    },
    {
        "pk": 6,
        "model": "contacts.province",
        "fields": {
            "coat": "http://upload.wikimedia.org/wikipedia/it/0/0b/Provincia_di_Lodi-Stemma.png",
            "region": 4,
            "code": "LO",
            "name": "Lodi",
            "capital": false
        }
    },
    {
        "pk": 7,
        "model": "contacts.province",
        "fields": {
            "coat": "http://upload.wikimedia.org/wikipedia/it/c/c3/Provincia_di_Mantova-Stemma.png",
            "region": 4,
            "code": "MN",
            "name": "Mantova",
            "capital": false
        }
    },
    {
        "pk": 8,
        "model": "contacts.province",
        "fields": {
            "coat": "http://upload.wikimedia.org/wikipedia/it/f/fe/Provincia_di_Milano-Stemma.png",
            "region": 4,
            "code": "MI",
            "name": "Milano",
            "capital": true
        }
    },
    {
        "pk": 9,
        "model": "contacts.province",
        "fields": {
            "coat": "http://upload.wikimedia.org/wikipedia/it/4/40/Provincia_di_Monza_e_della_Brianza-Stemma.png",
            "region": 4,
            "code": "MB",
            "name": "Monza e Brianza",
            "capital": false
        }
    },
    {
        "pk": 10,
        "model": "contacts.province",
        "fields": {
            "coat": "http://upload.wikimedia.org/wikipedia/it/a/af/Provincia_di_Pavia-Stemma.png",
            "region": 4,
            "code": "PV",
            "name": "Pavia",
            "capital": false
        }
    },
    {
        "pk": 11,
        "model": "contacts.province",
        "fields": {
            "coat": "http://upload.wikimedia.org/wikipedia/it/9/94/Provincia_di_Sondrio-Stemma.png",
            "region": 4,
            "code": "SO",
            "name": "Sondrio",
            "capital": false
        }
    },
    {
        "pk": 12,
        "model": "contacts.province",
        "fields": {
            "coat": "http://upload.wikimedia.org/wikipedia/it/7/77/Provincia_di_Varese-Stemma.png",
            "region": 4,
            "code": "VA",
            "name": "Varese",
            "capital": false
        }
    },
    {
        "pk": 13,
        "model": "contacts.province",
        "fields": {
            "coat": "http://upload.wikimedia.org/wikipedia/it/5/50/Aosta-Stemma.png",
            "region": 1,
            "code": "AO",
            "name": "Aosta",
            "capital": true
        }
    },
    {
        "pk": 14,
        "model": "contacts.province",
        "fields": {
            "coat": "http://upload.wikimedia.org/wikipedia/commons/2/24/Trentino_CoA.svg",
            "region": 5,
            "code": "TN",
            "name": "Trento",
            "capital": true
        }
    },
    {
        "pk": 15,
        "model": "contacts.province",
        "fields": {
            "coat": "http://upload.wikimedia.org/wikipedia/it/2/2c/Stemma_S\u00fcdtirol.svg",
            "region": 5,
            "code": "BZ",
            "name": "Bolzano",
            "capital": false
        }
    },
    {
        "pk": 16,
        "model": "contacts.province",
        "fields": {
            "coat": "http://upload.wikimedia.org/wikipedia/it/8/8a/Provincia_di_Alessandria-Stemma.png",
            "region": 2,
            "code": "AL",
            "name": "Alessandria",
            "capital": false
        }
    },
    {
        "pk": 17,
        "model": "contacts.province",
        "fields": {
            "coat": "http://upload.wikimedia.org/wikipedia/it/6/6a/Provincia_di_Asti-Stemma.png",
            "region": 2,
            "code": "AT",
            "name": "Asti",
            "capital": false
        }
    },
    {
        "pk": 18,
        "model": "contacts.province",
        "fields": {
            "coat": "http://upload.wikimedia.org/wikipedia/it/4/40/Provincia_di_Biella-Stemma.png",
            "region": 2,
            "code": "BI",
            "name": "Biella",
            "capital": false
        }
    },
    {
        "pk": 19,
        "model": "contacts.province",
        "fields": {
            "coat": "http://upload.wikimedia.org/wikipedia/it/c/c0/Provincia_di_Cuneo-Stemma.png",
            "region": 2,
            "code": "CN",
            "name": "Cuneo",
            "capital": false
        }
    },
    {
        "pk": 20,
        "model": "contacts.province",
        "fields": {
            "coat": "http://upload.wikimedia.org/wikipedia/commons/e/e0/Provincia_di_Novara-Stemma.png",
            "region": 2,
            "code": "NO",
            "name": "Novara",
            "capital": false
        }
    },
    {
        "pk": 21,
        "model": "contacts.province",
        "fields": {
            "coat": "http://upload.wikimedia.org/wikipedia/commons/5/5b/Provincia_di_Torino-Stemma.svg",
            "region": 2,
            "code": "TO",
            "name": "Torino",
            "capital": true
        }
    },
    {
        "pk": 22,
        "model": "contacts.province",
        "fields": {
            "coat": "http://upload.wikimedia.org/wikipedia/it/4/4a/Provincia_del_Verbano-Cusio-Ossola-Stemma.png",
            "region": 2,
            "code": "VB",
            "name": "Verbano-Cusio-Ossola",
            "capital": false
        }
    },
    {
        "pk": 23,
        "model": "contacts.province",
        "fields": {
            "coat": "http://upload.wikimedia.org/wikipedia/it/b/bd/Provincia_di_Vercelli-Stemma.png",
            "region": 2,
            "code": "VC",
            "name": "Vercelli",
            "capital": false
        }
    },
    {
        "pk": 24,
        "model": "contacts.province",
        "fields": {
            "coat": "http://upload.wikimedia.org/wikipedia/it/1/19/Provincia_di_Genova-Stemma.png",
            "region": 3,
            "code": "GE",
            "name": "Genova",
            "capital": true
        }
    },
    {
        "pk": 25,
        "model": "contacts.province",
        "fields": {
            "coat": "http://upload.wikimedia.org/wikipedia/it/7/72/Provincia_di_Imperia-Stemma.png",
            "region": 3,
            "code": "IM",
            "name": "Imperia",
            "capital": false
        }
    },
    {
        "pk": 26,
        "model": "contacts.province",
        "fields": {
            "coat": "http://upload.wikimedia.org/wikipedia/it/9/9a/Provincia_della_Spezia-Stemma.png",
            "region": 3,
            "code": "SP",
            "name": "La Spezia",
            "capital": false
        }
    },
    {
        "pk": 27,
        "model": "contacts.province",
        "fields": {
            "coat": "http://upload.wikimedia.org/wikipedia/it/9/97/Provincia_di_Savona-Stemma.png",
            "region": 3,
            "code": "SV",
            "name": "Savona",
            "capital": false
        }
    },
    {
        "pk": 28,
        "model": "contacts.province",
        "fields": {
            "coat": "http://upload.wikimedia.org/wikipedia/it/6/65/Provincia_di_Belluno-Stemma.png",
            "region": 6,
            "code": "BL",
            "name": "Belluno",
            "capital": false
        }
    },
    {
        "pk": 29,
        "model": "contacts.province",
        "fields": {
            "coat": "http://upload.wikimedia.org/wikipedia/it/9/9e/Provincia_di_Padova-Stemma.png",
            "region": 6,
            "code": "PD",
            "name": "Padova",
            "capital": false
        }
    },
    {
        "pk": 30,
        "model": "contacts.province",
        "fields": {
            "coat": "http://upload.wikimedia.org/wikipedia/commons/2/29/Provincia_di_Rovigo-Stemma.png",
            "region": 6,
            "code": "RO",
            "name": "Rovigo",
            "capital": false
        }
    },
    {
        "pk": 31,
        "model": "contacts.province",
        "fields": {
            "coat": "http://upload.wikimedia.org/wikipedia/it/d/d4/Provincia_di_Treviso-Stemma.png",
            "region": 6,
            "code": "TV",
            "name": "Treviso",
            "capital": false
        }
    },
    {
        "pk": 32,
        "model": "contacts.province",
        "fields": {
            "coat": "http://upload.wikimedia.org/wikipedia/it/a/af/Provincia_di_Venezia-Stemma.png",
            "region": 6,
            "code": "VE",
            "name": "Venezia",
            "capital": true
        }
    },
    {
        "pk": 33,
        "model": "contacts.province",
        "fields": {
            "coat": "http://upload.wikimedia.org/wikipedia/it/9/92/Provincia_di_Verona-Stemma.png",
            "region": 6,
            "code": "VR",
            "name": "Verona",
            "capital": false
        }
    },
    {
        "pk": 34,
        "model": "contacts.province",
        "fields": {
            "coat": "http://upload.wikimedia.org/wikipedia/it/d/dd/Provincia_di_Vicenza-Stemma.png",
            "region": 6,
            "code": "VI",
            "name": "Vicenza",
            "capital": false
        }
    },
    {
        "pk": 35,
        "model": "contacts.province",
        "fields": {
            "coat": "http://upload.wikimedia.org/wikipedia/it/6/65/Provincia_di_Gorizia-Stemma.png",
            "region": 7,
            "code": "GO",
            "name": "Gorizia",
            "capital": false
        }
    },
    {
        "pk": 36,
        "model": "contacts.province",
        "fields": {
            "coat": "http://upload.wikimedia.org/wikipedia/it/c/cc/Provincia_di_Pordenone-Stemma.png",
            "region": 7,
            "code": "PN",
            "name": "Pordenone",
            "capital": false
        }
    },
    {
        "pk": 37,
        "model": "contacts.province",
        "fields": {
            "coat": "http://upload.wikimedia.org/wikipedia/it/0/0d/Provincia_di_Trieste-Stemma.png",
            "region": 7,
            "code": "TS",
            "name": "Trieste",
            "capital": true
        }
    },
    {
        "pk": 38,
        "model": "contacts.province",
        "fields": {
            "coat": "http://upload.wikimedia.org/wikipedia/it/b/b7/Provincia_di_Udine-Stemma.png",
            "region": 7,
            "code": "UD",
            "name": "Udine",
            "capital": false
        }
    },
    {
        "pk": 39,
        "model": "contacts.province",
        "fields": {
            "coat": "http://upload.wikimedia.org/wikipedia/it/6/69/Provincia_di_Bologna-Stemma.png",
            "region": 8,
            "code": "BO",
            "name": "Bologna",
            "capital": true
        }
    },
    {
        "pk": 40,
        "model": "contacts.province",
        "fields": {
            "coat": "http://upload.wikimedia.org/wikipedia/it/5/59/Provincia_di_Ferrara-Stemma.png",
            "region": 8,
            "code": "FE",
            "name": "Ferrara",
            "capital": false
        }
    },
    {
        "pk": 41,
        "model": "contacts.province",
        "fields": {
            "coat": "http://upload.wikimedia.org/wikipedia/it/4/4c/Provincia_di_Forl\u00ec-Cesena-Stemma.png",
            "region": 8,
            "code": "FC",
            "name": "Forl\u00ec-Cesena",
            "capital": false
        }
    },
    {
        "pk": 42,
        "model": "contacts.province",
        "fields": {
            "coat": "http://upload.wikimedia.org/wikipedia/it/b/b7/Provincia_di_Modena-Stemma.png",
            "region": 8,
            "code": "MO",
            "name": "Modena",
            "capital": false
        }
    },
    {
        "pk": 43,
        "model": "contacts.province",
        "fields": {
            "coat": "http://upload.wikimedia.org/wikipedia/it/c/c0/Provincia_di_Parma-Stemma.png",
            "region": 8,
            "code": "PR",
            "name": "Parma",
            "capital": false
        }
    },
    {
        "pk": 44,
        "model": "contacts.province",
        "fields": {
            "coat": "http://upload.wikimedia.org/wikipedia/it/0/01/Provincia_di_Piacenza-Stemma.png",
            "region": 8,
            "code": "PC",
            "name": "Piacenza",
            "capital": false
        }
    },
    {
        "pk": 45,
        "model": "contacts.province",
        "fields": {
            "coat": "http://upload.wikimedia.org/wikipedia/it/e/e5/Provincia_di_Ravenna-Stemma.png",
            "region": 8,
            "code": "RA",
            "name": "Ravenna",
            "capital": false
        }
    },
    {
        "pk": 46,
        "model": "contacts.province",
        "fields": {
            "coat": "http://upload.wikimedia.org/wikipedia/it/b/b3/Provincia_di_Reggio_Emilia-Stemma.png",
            "region": 8,
            "code": "RE",
            "name": "Reggio Emilia",
            "capital": false
        }
    },
    {
        "pk": 47,
        "model": "contacts.province",
        "fields": {
            "coat": "http://upload.wikimedia.org/wikipedia/it/d/da/Provincia_di_Rimini-Stemma.png",
            "region": 8,
            "code": "RN",
            "name": "Rimini",
            "capital": false
        }
    },
    {
        "pk": 48,
        "model": "contacts.province",
        "fields": {
            "coat": "http://upload.wikimedia.org/wikipedia/it/9/9e/Provincia_di_Ancona-Stemma.png",
            "region": 10,
            "code": "AN",
            "name": "Ancona",
            "capital": true
        }
    },
    {
        "pk": 49,
        "model": "contacts.province",
        "fields": {
            "coat": "http://upload.wikimedia.org/wikipedia/commons/6/6d/Provincia_di_Ascoli_Piceno-Stemma.png",
            "region": 10,
            "code": "AP",
            "name": "Ascoli Piceno",
            "capital": false
        }
    },
    {
        "pk": 50,
        "model": "contacts.province",
        "fields": {
            "coat": "http://upload.wikimedia.org/wikipedia/it/2/25/Provincia_di_Fermo-Stemma.png",
            "region": 10,
            "code": "FM",
            "name": "Fermo",
            "capital": false
        }
    },
    {
        "pk": 51,
        "model": "contacts.province",
        "fields": {
            "coat": "http://upload.wikimedia.org/wikipedia/it/4/45/Provincia_di_Macerata-Stemma.png",
            "region": 10,
            "code": "MC",
            "name": "Macerata",
            "capital": false
        }
    },
    {
        "pk": 52,
        "model": "contacts.province",
        "fields": {
            "coat": "http://upload.wikimedia.org/wikipedia/it/2/25/Provincia_di_Pesaro_e_Urbino-Stemma.png",
            "region": 10,
            "code": "PU",
            "name": "Pesaro e Urbino",
            "capital": false
        }
    },
    {
        "pk": 53,
        "model": "contacts.province",
        "fields": {
            "coat": "http://upload.wikimedia.org/wikipedia/it/0/0d/Provincia_di_Perugia-Stemma.png",
            "region": 11,
            "code": "PG",
            "name": "Perugia",
            "capital": true
        }
    },
    {
        "pk": 54,
        "model": "contacts.province",
        "fields": {
            "coat": "http://upload.wikimedia.org/wikipedia/commons/1/16/Provincia_di_Terni-Stemma.png",
            "region": 11,
            "code": "TR",
            "name": "Terni",
            "capital": false
        }
    },
    {
        "pk": 55,
        "model": "contacts.province",
        "fields": {
            "coat": "http://upload.wikimedia.org/wikipedia/it/1/13/Provincia_dell%27Aquila-Stemma.png",
            "region": 13,
            "code": "AQ",
            "name": "L'Aquila",
            "capital": true
        }
    },
    {
        "pk": 56,
        "model": "contacts.province",
        "fields": {
            "coat": "http://upload.wikimedia.org/wikipedia/it/3/3a/Provincia_di_Chieti-Stemma.png",
            "region": 13,
            "code": "CH",
            "name": "Chieti",
            "capital": false
        }
    },
    {
        "pk": 57,
        "model": "contacts.province",
        "fields": {
            "coat": "http://upload.wikimedia.org/wikipedia/it/e/e2/Provincia_di_Pescara-Stemma.png",
            "region": 13,
            "code": "PE",
            "name": "Pescara",
            "capital": false
        }
    },
    {
        "pk": 58,
        "model": "contacts.province",
        "fields": {
            "coat": "http://upload.wikimedia.org/wikipedia/it/0/01/Provincia_di_Teramo-Stemma.png",
            "region": 13,
            "code": "TE",
            "name": "Teramo",
            "capital": false
        }
    },
    {
        "pk": 59,
        "model": "contacts.province",
        "fields": {
            "coat": "http://upload.wikimedia.org/wikipedia/it/c/c8/Provincia_di_Campobasso-Stemma.png",
            "region": 14,
            "code": "CB",
            "name": "Campobasso",
            "capital": true
        }
    },
    {
        "pk": 60,
        "model": "contacts.province",
        "fields": {
            "coat": "http://upload.wikimedia.org/wikipedia/it/d/df/Provincia_di_Isernia-Stemma.png",
            "region": 14,
            "code": "IS",
            "name": "Isernia",
            "capital": false
        }
    },
    {
        "pk": 61,
        "model": "contacts.province",
        "fields": {
            "coat": "http://upload.wikimedia.org/wikipedia/commons/2/2e/Provincia_di_Napoli-Stemma.png",
            "region": 15,
            "code": "NA",
            "name": "Napoli",
            "capital": true
        }
    },
    {
        "pk": 62,
        "model": "contacts.province",
        "fields": {
            "coat": "http://upload.wikimedia.org/wikipedia/it/b/b2/Provincia_di_Avellino-Stemma.png",
            "region": 15,
            "code": "AV",
            "name": "Avellino",
            "capital": false
        }
    },
    {
        "pk": 63,
        "model": "contacts.province",
        "fields": {
            "coat": "http://upload.wikimedia.org/wikipedia/commons/e/e8/Stemma_Provincia_di_Benevento.png",
            "region": 15,
            "code": "BN",
            "name": "Benevento",
            "capital": false
        }
    },
    {
        "pk": 64,
        "model": "contacts.province",
        "fields": {
            "coat": "http://upload.wikimedia.org/wikipedia/it/d/df/Provincia_di_Salerno-Stemma.png",
            "region": 15,
            "code": "SA",
            "name": "Salerno",
            "capital": false
        }
    },
    {
        "pk": 65,
        "model": "contacts.province",
        "fields": {
            "coat": "http://upload.wikimedia.org/wikipedia/it/9/9e/Provincia_di_Caserta-Stemma.png",
            "region": 15,
            "code": "CE",
            "name": "Caserta",
            "capital": false
        }
    },
    {
        "pk": 66,
        "model": "contacts.province",
        "fields": {
            "coat": "http://upload.wikimedia.org/wikipedia/it/f/f3/Provincia_di_Potenza-Stemma.png",
            "region": 16,
            "code": "PZ",
            "name": "Potenza",
            "capital": true
        }
    },
    {
        "pk": 67,
        "model": "contacts.province",
        "fields": {
            "coat": "http://upload.wikimedia.org/wikipedia/it/f/fe/Provincia_di_Matera-Stemma.png",
            "region": 16,
            "code": "MT",
            "name": "Matera",
            "capital": false
        }
    },
    {
        "pk": 68,
        "model": "contacts.province",
        "fields": {
            "coat": "http://upload.wikimedia.org/wikipedia/it/7/7c/Provincia_di_Bari-Stemma.gif",
            "region": 17,
            "code": "BA",
            "name": "Bari",
            "capital": true
        }
    },
    {
        "pk": 69,
        "model": "contacts.province",
        "fields": {
            "coat": "http://upload.wikimedia.org/wikipedia/it/2/22/Provincia_di_Barletta-Andria-Trani-Stemma.png",
            "region": 17,
            "code": "BT",
            "name": "Barletta - Andria - Trani",
            "capital": false
        }
    },
    {
        "pk": 70,
        "model": "contacts.province",
        "fields": {
            "coat": "http://upload.wikimedia.org/wikipedia/it/9/92/Provincia_di_Brindisi-Stemma.png",
            "region": 17,
            "code": "BR",
            "name": "Brindisi",
            "capital": false
        }
    },
    {
        "pk": 71,
        "model": "contacts.province",
        "fields": {
            "coat": "http://upload.wikimedia.org/wikipedia/it/a/a7/Provincia_di_Foggia-Stemma.png",
            "region": 17,
            "code": "FG",
            "name": "Foggia",
            "capital": false
        }
    },
    {
        "pk": 72,
        "model": "contacts.province",
        "fields": {
            "coat": "http://upload.wikimedia.org/wikipedia/it/c/cc/Provincia_di_Lecce-Stemma.png",
            "region": 17,
            "code": "LE",
            "name": "Lecce",
            "capital": false
        }
    },
    {
        "pk": 73,
        "model": "contacts.province",
        "fields": {
            "coat": "http://upload.wikimedia.org/wikipedia/it/d/d4/Provincia_di_Taranto-Stemma.png",
            "region": 17,
            "code": "TA",
            "name": "Taranto",
            "capital": false
        }
    },
    {
        "pk": 74,
        "model": "contacts.province",
        "fields": {
            "coat": "http://upload.wikimedia.org/wikipedia/commons/0/09/Provincia_di_Catanzaro-Stemma.png",
            "region": 18,
            "code": "CZ",
            "name": "Catanzaro",
            "capital": true
        }
    },
    {
        "pk": 75,
        "model": "contacts.province",
        "fields": {
            "coat": "http://upload.wikimedia.org/wikipedia/it/6/6b/Provincia_di_Cosenza-Stemma.png",
            "region": 18,
            "code": "CS",
            "name": "Cosenza",
            "capital": false
        }
    },
    {
        "pk": 76,
        "model": "contacts.province",
        "fields": {
            "coat": "http://upload.wikimedia.org/wikipedia/it/3/3f/Provincia_di_Crotone-Stemma.png",
            "region": 18,
            "code": "KR",
            "name": "Crotone",
            "capital": false
        }
    },
    {
        "pk": 77,
        "model": "contacts.province",
        "fields": {
            "coat": "http://upload.wikimedia.org/wikipedia/it/6/60/Provincia_di_Reggio_Calabria-Stemma.png",
            "region": 18,
            "code": "RC",
            "name": "Reggio Calabria",
            "capital": false
        }
    },
    {
        "pk": 78,
        "model": "contacts.province",
        "fields": {
            "coat": "http://upload.wikimedia.org/wikipedia/it/8/81/Provincia_di_Vibo_Valentia-Stemma.png",
            "region": 18,
            "code": "VV",
            "name": "Vibo Valentia",
            "capital": false
        }
    },
    {
        "pk": 79,
        "model": "contacts.province",
        "fields": {
            "coat": "http://upload.wikimedia.org/wikipedia/it/7/7c/Provincia_di_Palermo-Stemma.png",
            "region": 19,
            "code": "PA",
            "name": "Palermo",
            "capital": true
        }
    },
    {
        "pk": 80,
        "model": "contacts.province",
        "fields": {
            "coat": "http://upload.wikimedia.org/wikipedia/it/e/e8/Provincia_di_Agrigento-Stemma.png",
            "region": 19,
            "code": "AG",
            "name": "Agrigento",
            "capital": false
        }
    },
    {
        "pk": 81,
        "model": "contacts.province",
        "fields": {
            "coat": "http://upload.wikimedia.org/wikipedia/it/7/7d/Provincia_di_Caltanissetta-Stemma.png",
            "region": 19,
            "code": "CL",
            "name": "Caltanisetta",
            "capital": false
        }
    },
    {
        "pk": 82,
        "model": "contacts.province",
        "fields": {
            "coat": "http://upload.wikimedia.org/wikipedia/it/b/bb/Provincia_di_Catania-Stemma.png",
            "region": 19,
            "code": "CT",
            "name": "Catania",
            "capital": false
        }
    },
    {
        "pk": 83,
        "model": "contacts.province",
        "fields": {
            "coat": "http://upload.wikimedia.org/wikipedia/it/9/90/Provincia_di_Enna-Stemma.png",
            "region": 19,
            "code": "EN",
            "name": "Enna",
            "capital": false
        }
    },
    {
        "pk": 84,
        "model": "contacts.province",
        "fields": {
            "coat": "http://upload.wikimedia.org/wikipedia/it/f/fe/Provincia_di_Trapani-Stemma.png",
            "region": 19,
            "code": "TP",
            "name": "Trapani",
            "capital": false
        }
    },
    {
        "pk": 85,
        "model": "contacts.province",
        "fields": {
            "coat": "http://upload.wikimedia.org/wikipedia/it/7/79/Provincia_di_Messina-Stemma.png",
            "region": 19,
            "code": "ME",
            "name": "Messina",
            "capital": false
        }
    },
    {
        "pk": 86,
        "model": "contacts.province",
        "fields": {
            "coat": "http://upload.wikimedia.org/wikipedia/it/c/c2/Provincia_di_Ragusa-Stemma.png",
            "region": 19,
            "code": "RG",
            "name": "Ragusa",
            "capital": false
        }
    },
    {
        "pk": 87,
        "model": "contacts.province",
        "fields": {
            "coat": "http://upload.wikimedia.org/wikipedia/it/5/57/Provincia_di_Siracusa-Stemma.png",
            "region": 19,
            "code": "SR",
            "name": "Siracusa",
            "capital": false
        }
    },
    {
        "pk": 88,
        "model": "contacts.province",
        "fields": {
            "coat": "http://upload.wikimedia.org/wikipedia/it/2/27/Provincia_di_Cagliari-Stemma.png",
            "region": 20,
            "code": "CA",
            "name": "Cagliari",
            "capital": true
        }
    },
    {
        "pk": 89,
        "model": "contacts.province",
        "fields": {
            "coat": "",
            "region": 20,
            "code": "CI",
            "name": "Carbonia-Iglesias",
            "capital": false
        }
    },
    {
        "pk": 90,
        "model": "contacts.province",
        "fields": {
            "coat": "",
            "region": 20,
            "code": "VS",
            "name": "Medio Campidano",
            "capital": false
        }
    },
    {
        "pk": 91,
        "model": "contacts.province",
        "fields": {
            "coat": "http://upload.wikimedia.org/wikipedia/it/5/50/Provincia_di_Nuoro-Stemma.png",
            "region": 20,
            "code": "NU",
            "name": "Nuoro",
            "capital": false
        }
    },
    {
        "pk": 92,
        "model": "contacts.province",
        "fields": {
            "coat": "http://upload.wikimedia.org/wikipedia/it/1/1c/Provincia_dell%27Ogliastra-Stemma.png",
            "region": 20,
            "code": "OG",
            "name": "Ogliastra",
            "capital": false
        }
    },
    {
        "pk": 93,
        "model": "contacts.province",
        "fields": {
            "coat": "http://upload.wikimedia.org/wikipedia/it/7/78/Provincia_di_Olbia-Tempio-Stemma.png",
            "region": 20,
            "code": "OT",
            "name": "Olbia-Tempio",
            "capital": false
        }
    },
    {
        "pk": 94,
        "model": "contacts.province",
        "fields": {
            "coat": "http://upload.wikimedia.org/wikipedia/it/3/34/Provincia_di_Oristano-Stemma.png",
            "region": 20,
            "code": "OR",
            "name": "Oristano",
            "capital": false
        }
    },
    {
        "pk": 95,
        "model": "contacts.province",
        "fields": {
            "coat": "http://upload.wikimedia.org/wikipedia/it/8/8e/Provincia_di_Sassari-Stemma.png",
            "region": 20,
            "code": "SS",
            "name": "Sassari",
            "capital": false
        }
    },
    {
        "pk": 96,
        "model": "contacts.province",
        "fields": {
            "coat": "http://upload.wikimedia.org/wikipedia/it/1/1b/Provincia_di_Roma-Stemma.png",
            "region": 12,
            "code": "RM",
            "name": "Roma",
            "capital": true
        }
    },
    {
        "pk": 97,
        "model": "contacts.province",
        "fields": {
            "coat": "http://upload.wikimedia.org/wikipedia/it/1/1c/Provincia_di_Viterbo-Stemma.png",
            "region": 12,
            "code": "VT",
            "name": "Viterbo",
            "capital": false
        }
    },
    {
        "pk": 98,
        "model": "contacts.province",
        "fields": {
            "coat": "http://upload.wikimedia.org/wikipedia/it/e/e7/Provincia_di_Rieti-Stemma.png",
            "region": 12,
            "code": "RI",
            "name": "Rieti",
            "capital": false
        }
    },
    {
        "pk": 99,
        "model": "contacts.province",
        "fields": {
            "coat": "http://upload.wikimedia.org/wikipedia/it/3/3f/Provincia_di_Latina-Stemma.png",
            "region": 12,
            "code": "LT",
            "name": "Latina",
            "capital": false
        }
    },
    {
        "pk": 100,
        "model": "contacts.province",
        "fields": {
            "coat": "http://upload.wikimedia.org/wikipedia/it/0/02/Provincia_di_Frosinone-Stemma.png",
            "region": 12,
            "code": "FR",
            "name": "Frosinone",
            "capital": false
        }
    },
    {
        "pk": 101,
        "model": "contacts.province",
        "fields": {
            "coat": "http://upload.wikimedia.org/wikipedia/commons/2/22/Provincia_di_Firenze-Stemma.png",
            "region": 9,
            "code": "FI",
            "name": "Firenze",
            "capital": true
        }
    },
    {
        "pk": 102,
        "model": "contacts.province",
        "fields": {
            "coat": "http://upload.wikimedia.org/wikipedia/it/5/59/Provincia_di_Arezzo-Stemma.png",
            "region": 9,
            "code": "AR",
            "name": "Arezzo",
            "capital": false
        }
    },
    {
        "pk": 103,
        "model": "contacts.province",
        "fields": {
            "coat": "http://upload.wikimedia.org/wikipedia/it/5/5d/Provincia_di_Grosseto-Stemma.png",
            "region": 9,
            "code": "GR",
            "name": "Grosseto",
            "capital": false
        }
    },
    {
        "pk": 104,
        "model": "contacts.province",
        "fields": {
            "coat": "http://upload.wikimedia.org/wikipedia/it/1/1f/Provincia_di_Livorno-Stemma.png",
            "region": 9,
            "code": "LI",
            "name": "Livorno",
            "capital": false
        }
    },
    {
        "pk": 105,
        "model": "contacts.province",
        "fields": {
            "coat": "http://upload.wikimedia.org/wikipedia/it/c/c1/Provincia_di_Lucca-Stemma.png",
            "region": 9,
            "code": "LU",
            "name": "Lucca",
            "capital": false
        }
    },
    {
        "pk": 106,
        "model": "contacts.province",
        "fields": {
            "coat": "http://upload.wikimedia.org/wikipedia/it/3/3a/Provincia_di_Massa-Carrara-Stemma.png",
            "region": 9,
            "code": "MS",
            "name": "Massa e Carrara",
            "capital": false
        }
    },
    {
        "pk": 107,
        "model": "contacts.province",
        "fields": {
            "coat": "http://upload.wikimedia.org/wikipedia/it/1/1b/Provincia_di_Pisa-Stemma.png",
            "region": 9,
            "code": "PI",
            "name": "Pisa",
            "capital": false
        }
    },
    {
        "pk": 108,
        "model": "contacts.province",
        "fields": {
            "coat": "http://upload.wikimedia.org/wikipedia/it/c/cd/Provincia_di_Pistoia-Stemma.png",
            "region": 9,
            "code": "PT",
            "name": "Pistoia",
            "capital": false
        }
    },
    {
        "pk": 109,
        "model": "contacts.province",
        "fields": {
            "coat": "http://upload.wikimedia.org/wikipedia/it/c/cc/Provincia_di_Siena-Stemma.png",
            "region": 9,
            "code": "SI",
            "name": "Siena",
            "capital": false
        }
    },
    {
        "pk": 110,
        "model": "contacts.province",
        "fields": {
            "coat": "http://upload.wikimedia.org/wikipedia/it/2/22/Provincia_di_Prato-Stemma.png",
            "region": 9,
            "code": "PO",
            "name": "Prato",
            "capital": false
        }
    },


    {
        "pk": 1,
        "model": "contacts.sector",
        "fields": {
            "name": "Medico",
            "description": "Medico"
        }
    },
    {
        "pk": 2,
        "model": "contacts.sector",
        "fields": {
            "name": "Ptrainer",
            "description": "Ptrainer"
        }
    },
    {
        "pk": 3,
        "model": "contacts.sector",
        "fields": {
            "name": "Personal trainer",
            "description": "Personal trainer"
        }
    },
    {
        "pk": 4,
        "model": "contacts.sector",
        "fields": {
            "name": "Infermiera",
            "description": "Infermiera"
        }
    },
    {
        "pk": 5,
        "model": "contacts.sector",
        "fields": {
            "name": "Direttore commerciale",
            "description": "Direttore commerciale"
        }
    },
    {
        "pk": 6,
        "model": "contacts.sector",
        "fields": {
            "name": "Biologo",
            "description": "Biologo"
        }
    },
    {
        "pk": 7,
        "model": "contacts.sector",
        "fields": {
            "name": "Farmacista",
            "description": "Farmacista"
        }
    },
    {
        "pk": 8,
        "model": "contacts.sector",
        "fields": {
            "name": "Biologa",
            "description": "Biologa"
        }
    },
    {
        "pk": 9,
        "model": "contacts.sector",
        "fields": {
            "name": "Commerciante",
            "description": "Commerciante"
        }
    },
    {
        "pk": 10,
        "model": "contacts.sector",
        "fields": {
            "name": "Sportivo",
            "description": "Sportivo"
        }
    },
    {
        "pk": 11,
        "model": "contacts.sector",
        "fields": {
            "name": "Istruttore",
            "description": "Istruttore"
        }
    },
    {
        "pk": 12,
        "model": "contacts.sector",
        "fields": {
            "name": "Nutrizionista",
            "description": "Nutrizionista"
        }
    },
    {
        "pk": 13,
        "model": "contacts.sector",
        "fields": {
            "name": "Dietista",
            "description": "Dietista"
        }
    },
    {
        "pk": 14,
        "model": "contacts.sector",
        "fields": {
            "name": "Collaboratore farmacia",
            "description": "Collaboratore farmacia"
        }
    },
    {
        "pk": 15,
        "model": "contacts.sector",
        "fields": {
            "name": "Fisioterapista",
            "description": "Fisioterapista"
        }
    },
    {
        "pk": 16,
        "model": "contacts.sector",
        "fields": {
            "name": "Commerciate",
            "description": "Commerciate"
        }
    },
    {
        "pk": 17,
        "model": "contacts.sector",
        "fields": {
            "name": "Vendite",
            "description": "Vendite"
        }
    },
    {
        "pk": 18,
        "model": "contacts.sector",
        "fields": {
            "name": "Auditore",
            "description": "Auditore"
        }
    },
    {
        "pk": 19,
        "model": "contacts.sector",
        "fields": {
            "name": "P.trainer",
            "description": "P.trainer"
        }
    },
    {
        "pk": 20,
        "model": "contacts.sector",
        "fields": {
            "name": "Kinesiologo",
            "description": "Kinesiologo"
        }
    },
    {
        "pk": 21,
        "model": "contacts.sector",
        "fields": {
            "name": "Laureato ifes",
            "description": "Laureato ifes"
        }
    },
    {
        "pk": 22,
        "model": "contacts.sector",
        "fields": {
            "name": "Scienze motorie",
            "description": "Scienze motorie"
        }
    },
    {
        "pk": 23,
        "model": "contacts.sector",
        "fields": {
            "name": "Farmacia",
            "description": "Farmacia"
        }
    },
    {
        "pk": 24,
        "model": "contacts.sector",
        "fields": {
            "name": "Mmg",
            "description": "Mmg"
        }
    },
    {
        "pk": 25,
        "model": "contacts.sector",
        "fields": {
            "name": "Istruttore fitness",
            "description": "Istruttore fitness"
        }
    },
    {
        "pk": 26,
        "model": "contacts.sector",
        "fields": {
            "name": "Medico chirurgo",
            "description": "Medico chirurgo"
        }
    },
    {
        "pk": 27,
        "model": "contacts.sector",
        "fields": {
            "name": "Insegnante ed. fisica",
            "description": "Insegnante ed. fisica"
        }
    },
    {
        "pk": 28,
        "model": "contacts.sector",
        "fields": {
            "name": "Studentessa uni",
            "description": "Studentessa uni"
        }
    },
    {
        "pk": 29,
        "model": "contacts.sector",
        "fields": {
            "name": "Medico mg",
            "description": "Medico mg"
        }
    },
    {
        "pk": 30,
        "model": "contacts.sector",
        "fields": {
            "name": "P. trainer",
            "description": "P. trainer"
        }
    },
    {
        "pk": 31,
        "model": "contacts.sector",
        "fields": {
            "name": "Studente",
            "description": "Studente"
        }
    },
    {
        "pk": 32,
        "model": "contacts.sector",
        "fields": {
            "name": "Laurea in scienze motorie",
            "description": "Laurea in scienze motorie"
        }
    },
    {
        "pk": 33,
        "model": "contacts.sector",
        "fields": {
            "name": "Collaboratore maione store",
            "description": "Collaboratore maione store"
        }
    },
    {
        "pk": 34,
        "model": "contacts.sector",
        "fields": {
            "name": "Resp. commerciale palestra",
            "description": "Resp. commerciale palestra"
        }
    },
    {
        "pk": 35,
        "model": "contacts.sector",
        "fields": {
            "name": "Altro",
            "description": "Altro"
        }
    },
    {
        "pk": 36,
        "model": "contacts.sector",
        "fields": {
            "name": "Naturopata",
            "description": "Naturopata"
        }
    },




    {
        "pk": 1,
        "model": "contacts.work",
        "fields": {
            "sector": 1,
            "name": "Medico dello sport",
            "description": "Medico dello sport"
        }
    },
    {
        "pk": 2,
        "model": "contacts.work",
        "fields": {
            "sector": 2,
            "name": "Personal trainer",
            "description": "Personal trainer"
        }
    },
    {
        "pk": 3,
        "model": "contacts.work",
        "fields": {
            "sector": 2,
            "name": "Scienze motorie",
            "description": "Scienze motorie"
        }
    },
    {
        "pk": 4,
        "model": "contacts.work",
        "fields": {
            "sector": 4,
            "name": "Infermiera",
            "description": "Infermiera"
        }
    },
    {
        "pk": 5,
        "model": "contacts.work",
        "fields": {
            "sector": 3,
            "name": "Titolare centro fitness",
            "description": "Titolare centro fitness"
        }
    },
    {
        "pk": 7,
        "model": "contacts.work",
        "fields": {
            "sector": 6,
            "name": "Biologa nutrizionista",
            "description": "Biologa nutrizionista"
        }
    },
    {
        "pk": 8,
        "model": "contacts.work",
        "fields": {
            "sector": 7,
            "name": "Farmacista",
            "description": "Farmacista"
        }
    },
    {
        "pk": 9,
        "model": "contacts.work",
        "fields": {
            "sector": 8,
            "name": "Biologo nutrizionista",
            "description": "Biologo nutrizionista"
        }
    },
    {
        "pk": 10,
        "model": "contacts.work",
        "fields": {
            "sector": 7,
            "name": "Farmacista collaboratrice",
            "description": "Farmacista collaboratrice"
        }
    },
    {
        "pk": 11,
        "model": "contacts.work",
        "fields": {
            "sector": 7,
            "name": "Direttore farmacia",
            "description": "Direttore farmacia"
        }
    },
    {
        "pk": 12,
        "model": "contacts.work",
        "fields": {
            "sector": 9,
            "name": "Commerciante",
            "description": "Commerciante"
        }
    },
    {
        "pk": 13,
        "model": "contacts.work",
        "fields": {
            "sector": 10,
            "name": "Sportivo",
            "description": "Sportivo"
        }
    },
    {
        "pk": 14,
        "model": "contacts.work",
        "fields": {
            "sector": 7,
            "name": "Titolare farmacia",
            "description": "Titolare farmacia"
        }
    },
    {
        "pk": 15,
        "model": "contacts.work",
        "fields": {
            "sector": 11,
            "name": "Istruttore fitness",
            "description": "Istruttore fitness"
        }
    },
    {
        "pk": 16,
        "model": "contacts.work",
        "fields": {
            "sector": 12,
            "name": "Nutrizionista",
            "description": "Nutrizionista"
        }
    },
    {
        "pk": 17,
        "model": "contacts.work",
        "fields": {
            "sector": 13,
            "name": "Dietista",
            "description": "Dietista"
        }
    },
    {
        "pk": 18,
        "model": "contacts.work",
        "fields": {
            "sector": 14,
            "name": "Collaboratore farmacia",
            "description": "Collaboratore farmacia"
        }
    },
    {
        "pk": 19,
        "model": "contacts.work",
        "fields": {
            "sector": 1,
            "name": "Medico endocrinologo",
            "description": "Medico endocrinologo"
        }
    },
    {
        "pk": 20,
        "model": "contacts.work",
        "fields": {
            "sector": 15,
            "name": "Massofisioterapista sportivo",
            "description": "Massofisioterapista sportivo"
        }
    },
    {
        "pk": 21,
        "model": "contacts.work",
        "fields": {
            "sector": 17,
            "name": "Promotore finanziario area sport",
            "description": "Promotore finanziario area sport"
        }
    },
    {
        "pk": 22,
        "model": "contacts.work",
        "fields": {
            "sector": 18,
            "name": "Altro-auditore",
            "description": "Altro-auditore"
        }
    },
    {
        "pk": 23,
        "model": "contacts.work",
        "fields": {
            "sector": 9,
            "name": "Titolare negozio integratori",
            "description": "Titolare negozio integratori"
        }
    },
    {
        "pk": 24,
        "model": "contacts.work",
        "fields": {
            "sector": 6,
            "name": "Biologo",
            "description": "Biologo"
        }
    },
    {
        "pk": 25,
        "model": "contacts.work",
        "fields": {
            "sector": 1,
            "name": "Medico",
            "description": "Medico"
        }
    },
    {
        "pk": 26,
        "model": "contacts.work",
        "fields": {
            "sector": 7,
            "name": "Farmacista collaboratore",
            "description": "Farmacista collaboratore"
        }
    },
    {
        "pk": 27,
        "model": "contacts.work",
        "fields": {
            "sector": 3,
            "name": "Gym istructor",
            "description": "Gym istructor"
        }
    },
    {
        "pk": 28,
        "model": "contacts.work",
        "fields": {
            "sector": 1,
            "name": "Endocrinologo-angiologo",
            "description": "Endocrinologo-angiologo"
        }
    },
    {
        "pk": 29,
        "model": "contacts.work",
        "fields": {
            "sector": 1,
            "name": "Medico chirurgo",
            "description": "Medico chirurgo"
        }
    },
    {
        "pk": 30,
        "model": "contacts.work",
        "fields": {
            "sector": 19,
            "name": "P.trainer",
            "description": "P.trainer"
        }
    },
    {
        "pk": 31,
        "model": "contacts.work",
        "fields": {
            "sector": 20,
            "name": "Kinesiologo",
            "description": "Kinesiologo"
        }
    },
    {
        "pk": 32,
        "model": "contacts.work",
        "fields": {
            "sector": 1,
            "name": "Diabetologa",
            "description": "Diabetologa"
        }
    },
    {
        "pk": 33,
        "model": "contacts.work",
        "fields": {
            "sector": 7,
            "name": "Titolare parafarmacia",
            "description": "Titolare parafarmacia"
        }
    },
    {
        "pk": 34,
        "model": "contacts.work",
        "fields": {
            "sector": 6,
            "name": "Farmacista/biologa nutrizionista",
            "description": "Farmacista/biologa nutrizionista"
        }
    },
    {
        "pk": 35,
        "model": "contacts.work",
        "fields": {
            "sector": 25,
            "name": "Struttore fitness",
            "description": "Struttore fitness"
        }
    },
    {
        "pk": 36,
        "model": "contacts.work",
        "fields": {
            "sector": 1,
            "name": "Cardiologo",
            "description": "Cardiologo"
        }
    },
    {
        "pk": 37,
        "model": "contacts.work",
        "fields": {
            "sector": 28,
            "name": "Studentessa",
            "description": "Studentessa"
        }
    },
    {
        "pk": 38,
        "model": "contacts.work",
        "fields": {
            "sector": 22,
            "name": "Laurea in scienze motorie",
            "description": "Laurea in scienze motorie"
        }
    },
    {
        "pk": 39,
        "model": "contacts.work",
        "fields": {
            "sector": 1,
            "name": "Psicologo",
            "description": "Psicologo"
        }
    },
    {
        "pk": 40,
        "model": "contacts.work",
        "fields": {
            "sector": 1,
            "name": "Medico odontoiatra",
            "description": "Medico odontoiatra"
        }
    },
    {
        "pk": 41,
        "model": "contacts.work",
        "fields": {
            "sector": 12,
            "name": "Medico nutrizionista",
            "description": "Medico nutrizionista"
        }
    },
    {
        "pk": 42,
        "model": "contacts.work",
        "fields": {
            "sector": 3,
            "name": "Personal trainer /l. s.m.",
            "description": "Personal trainer /l. s.m."
        }
    },
    {
        "pk": 43,
        "model": "contacts.work",
        "fields": {
            "sector": 31,
            "name": "Studente",
            "description": "Studente"
        }
    },
    {
        "pk": 44,
        "model": "contacts.work",
        "fields": {
            "sector": 1,
            "name": "Medico mg",
            "description": "Medico mg"
        }
    },
    {
        "pk": 45,
        "model": "contacts.work",
        "fields": {
            "sector": 33,
            "name": "Collaboratore maione store",
            "description": "Collaboratore maione store"
        }
    },
    {
        "pk": 46,
        "model": "contacts.work",
        "fields": {
            "sector": 1,
            "name": "Medico anestesista",
            "description": "Medico anestesista"
        }
    },
    {
        "pk": 47,
        "model": "contacts.work",
        "fields": {
            "sector": 1,
            "name": "Medico cardiologo",
            "description": "Medico cardiologo"
        }
    },
    {
        "pk": 48,
        "model": "contacts.work",
        "fields": {
            "sector": 34,
            "name": "Resp. comm. palestra",
            "description": "Resp. comm. palestra"
        }
    },
    {
        "pk": 49,
        "model": "contacts.work",
        "fields": {
            "sector": 36,
            "name": "Naturopata",
            "description": "Naturopata"
        }
    },
    {
        "pk": 50,
        "model": "contacts.work",
        "fields": {
            "sector": 35,
            "name": "Fisioterapista",
            "description": "Fisioterapista"
        }
    },
    {
        "pk": 51,
        "model": "contacts.work",
        "fields": {
            "sector": 35,
            "name": "Titolare negozio integrazione",
            "description": "Titolare negozio integrazione"
        }
    },
    {
        "pk": 52,
        "model": "contacts.work",
        "fields": {
            "sector": 35,
            "name": "Studente in biologia",
            "description": "Studente in biologia"
        }
    },
    {
        "pk": 53,
        "model": "contacts.work",
        "fields": {
            "sector": 35,
            "name": "Agente concessionario",
            "description": "Agente concessionario"
        }
    },
    {
        "pk": 54,
        "model": "contacts.work",
        "fields": {
            "sector": 35,
            "name": "Altro",
            "description": "Altro"
        }
    },
    {
        "pk": 55,
        "model": "contacts.work",
        "fields": {
            "sector": 35,
            "name": "P.trainer no s.m.",
            "description": "P.trainer no s.m."
        }
    },
    {
        "pk": 56,
        "model": "contacts.work",
        "fields": {
            "sector": 1,
            "name": "Medico di base",
            "description": "Medico di base"
        }
    },
    {
        "pk": 57,
        "model": "contacts.work",
        "fields": {
            "sector": 35,
            "name": "Agente di commercio",
            "description": "Agente di commercio"
        }
    },
    {
        "pk": 58,
        "model": "contacts.work",
        "fields": {
            "sector": 35,
            "name": "Chef",
            "description": "Chef"
        }
    },
    {
        "pk": 59,
        "model": "contacts.work",
        "fields": {
            "sector": 7,
            "name": "Farmacista titolare",
            "description": "Farmacista titolare"
        }
    },
    {
        "pk": 60,
        "model": "contacts.work",
        "fields": {
            "sector": 35,
            "name": "Gymistructor",
            "description": "Gymistructor"
        }
    },
    {
        "pk": 61,
        "model": "contacts.work",
        "fields": {
            "sector": 1,
            "name": "Medico di base endocrinologo",
            "description": "Medico di base endocrinologo"
        }
    },
    {
        "pk": 62,
        "model": "contacts.work",
        "fields": {
            "sector": 1,
            "name": "Dermatologo",
            "description": "Dermatologo"
        }
    },
    {
        "pk": 63,
        "model": "contacts.work",
        "fields": {
            "sector": 6,
            "name": "Biologa",
            "description": "Biologa"
        }
    },
    {
        "pk": 64,
        "model": "contacts.work",
        "fields": {
            "sector": 35,
            "name": "L.scienze motorie",
            "description": "L.scienze motorie"
        }
    },
    {
        "pk": 65,
        "model": "contacts.work",
        "fields": {
            "sector": 35,
            "name": "Laureando s.m.",
            "description": "Laureando s.m."
        }
    },
    {
        "pk": 66,
        "model": "contacts.work",
        "fields": {
            "sector": 1,
            "name": "Psicologa -psicoterapeuta",
            "description": "Psicologa -psicoterapeuta"
        }
    },
    {
        "pk": 67,
        "model": "contacts.work",
        "fields": {
            "sector": 7,
            "name": "Resp. laboratorio termoli",
            "description": "Resp. laboratorio termoli"
        }
    },
    {
        "pk": 68,
        "model": "contacts.work",
        "fields": {
            "sector": 1,
            "name": "Psicologa psicoterapeuta",
            "description": "Psicologa psicoterapeuta"
        }
    },
    {
        "pk": 69,
        "model": "contacts.work",
        "fields": {
            "sector": 6,
            "name": "Dottore in biologia della salute",
            "description": "Dottore in biologia della salute"
        }
    },
    {
        "pk": 70,
        "model": "contacts.work",
        "fields": {
            "sector": 1,
            "name": "Medico chirurgo spe. ginecol.ostetr.",
            "description": "Medico chirurgo spe. ginecol.ostetr."
        }
    },
    {
        "pk": 71,
        "model": "contacts.work",
        "fields": {
            "sector": 1,
            "name": "Oncologo",
            "description": "Oncologo"
        }
    },
    {
        "pk": 72,
        "model": "contacts.work",
        "fields": {
            "sector": 35,
            "name": "Its",
            "description": "Its"
        }
    },
    {
        "pk": 73,
        "model": "contacts.work",
        "fields": {
            "sector": 1,
            "name": "Medico-ingegnere",
            "description": "Medico-ingegnere"
        }
    },
    {
        "pk": 74,
        "model": "contacts.work",
        "fields": {
            "sector": 7,
            "name": "Dottoressa collaboratrice",
            "description": "Dottoressa collaboratrice"
        }
    },
    {
        "pk": 75,
        "model": "contacts.work",
        "fields": {
            "sector": 7,
            "name": "Farmacista naturopata",
            "description": "Farmacista naturopata"
        }
    },
    {
        "pk": 76,
        "model": "contacts.work",
        "fields": {
            "sector": 35,
            "name": "S.m.",
            "description": "S.m."
        }
    },
    {
        "pk": 77,
        "model": "contacts.work",
        "fields": {
            "sector": 35,
            "name": "Personal trainer in poliambulatorio",
            "description": "Personal trainer in poliambulatorio"
        }
    },
    {
        "pk": 78,
        "model": "contacts.work",
        "fields": {
            "sector": 35,
            "name": "Personal trainer (no s.m.)",
            "description": "Personal trainer (no s.m.)"
        }
    },
    {
        "pk": 79,
        "model": "contacts.work",
        "fields": {
            "sector": 35,
            "name": "L.sc. mot.",
            "description": "L.sc. mot."
        }
    },
    {
        "pk": 81,
        "model": "contacts.work",
        "fields": {
            "sector": 13,
            "name": "Tecnologo Alimentare",
            "description": "Tecnologo Alimentare"
        }
    }
]